,Madrid,Murcia,Asturias,Rioja,Cantabria,Navarra,Baleares,Almeria,Cadiz,Cordoba,Granada,Huelva,Jaen,Malaga,Sevilla,Huesca,Teruel,Zaragoza,Las Palmas,Tenerife,Avila,Burgos,Leon,Palencia,Salamanca,Segovia,Soria,Valladolid,Zamora,Albacete,Ciudad Real,Cuenca,Guadalajara,Toledo,Barcelona,Girona,Lleida,Tarragona,Alicante,Castellon,Valencia,Alava,Guipuzkoa,Bizkaia,Badajoz,Caceres,Coru√±a,Lugo,Ourense,Pontevedra
junio 2021,13.7,6.8,7.5,6.9,8.3,8.9,11.7,6.5,8.1,7.1,7.8,7.7,5.0 ,9.5,9.2,8.0 ,5.4,8.1,10.5,9.2,5.4,7.1,6.0 ,6.0 ,7.7,7.4,6.0 ,6.9,5.2,6.1,5.2,5.3,6.7,6.1,13.9,9.5,7.8,7.7,7.1,6.3,8.2,9.7,13.6,11.8,5.6,5.2,6.9,5.3,5.8,9.1
mayo 2021,13.7,6.7,7.5,6.9,8.1,8.9,11.6,6.4,7.9,7.1,7.8,7.2,4.9,9.4,9.1,8.0 ,5.5,8.1,10.4,9.1,5.4,7.1,6.0 ,6.1,7.6,7.3,6.0 ,6.8,5.0 ,6.0 ,5.2,5.1,6.7,6.0 ,13.8,9.5,7.6,7.7,7.1,6.2,8.1,9.7,13.6,11.9,5.5,5.2,6.9,5.3,5.8,8.9
abril 2021,13.7,6.6,7.5,6.8,8.1,8.9,11.4,6.3,7.8,7.0 ,7.8,7.0 ,4.9,9.4,9.3,8.1,5.4,8.1,10.4,9.1,5.3,6.9,6.0 ,6.1,7.7,7.3,6.1,6.8,5.0 ,5.9,5.2,4.9,6.8,6.0 ,13.8,9.4,7.9,7.7,7.1,6.1,8.1,9.7,13.8,11.9,5.4,5.2,7.0 ,5.3,5.8,8.8
marzo 2021,13.8,6.5,7.5,6.7,8.0 ,8.9,11.3,6.3,7.8,7.0 ,7.9,6.7,4.9,9.4,9.3,8.0 ,5.5,8.0 ,10.4,9.1,5.3,7.1,5.9,6.0 ,7.8,7.2,6.0 ,6.9,5.0 ,5.9,5.2,4.7,6.8,6.0 ,13.9,9.3,7.7,7.7,7.1,6.1,8.1,9.5,13.7,11.8,5.5,5.2,6.9,5.3,5.9,8.4
febrero 2021,13.9,6.5,7.5,6.8,8.0 ,8.8,11.3,6.3,7.7,6.9,8.0 ,6.7,4.8,9.4,9.2,7.9,5.2,8.0 ,10.4,9.1,5.2,7.1,5.9,6.0 ,7.8,7.0 ,6.0 ,6.8,5.0 ,5.9,5.1,4.5,6.8,6.0 ,13.9,9.3,7.8,7.7,7.2,6.1,8.1,9.6,13.7,11.8,5.5,5.2,6.8,5.2,5.8,8.2
enero 2021,14.0 ,6.4,7.4,6.8,7.9,8.8,11.4,6.2,7.7,6.9,8.0 ,6.6,4.8,9.4,9.2,7.9,5.2,8.1,10.5,9.1,5.2,6.9,5.9,5.9,7.7,6.9,5.9,6.8,5.0 ,6.1,5.1,4.7,6.6,5.9,14.0 ,9.2,7.8,7.5,7.2,6.1,8.2,9.7,14.1,11.9,5.4,5.2,6.8,5.3,5.9,8.2
diciembre 2020,14.2,6.4,7.4,6.6,7.9,8.7,11.7,6.2,7.7,6.8,7.9,6.5,4.8,9.5,9.4,8.0 ,5.3,8.1,10.5,9.1,5.2,6.9,5.9,6.0 ,7.6,6.8,5.6,6.9,4.9,5.9,5.1,4.6,6.4,5.9,14.2,9.2,8.6,7.5,7.2,6.1,8.3,9.7,14.0 ,11.9,5.4,5.2,6.8,5.1,5.9,8.0 
noviembre 2020,14.5,6.4,7.4,6.7,7.8,8.6,11.9,6.2,7.7,6.8,7.9,6.6,4.8,9.6,9.4,7.6,5.2,8.0 ,10.6,9.2,5.2,6.9,5.9,6.0 ,7.7,6.8,5.8,6.9,4.8,5.9,5.0 ,4.7,6.3,5.9,14.5,9.2,8.3,7.5,7.2,6.1,8.3,9.4,14.0 ,11.9,5.5,5.1,6.8,5.2,6.0 ,7.9
octubre 2020,14.7,6.6,7.4,6.8,7.9,8.6,12.0 ,6.1,7.7,6.8,7.8,6.6,4.9,9.6,9.3,7.6,5.4,8.0 ,10.6,9.2,5.3,7.0 ,5.8,6.0 ,7.7,6.9,5.8,6.9,4.9,5.9,5.1,4.8,6.4,6.0 ,15.0 ,9.3,8.0 ,7.5,7.2,6.1,8.3,9.4,14.0 ,11.9,5.4,5.0 ,6.8,5.3,6.0 ,8.0 
septiembre 2020,14.9,6.7,7.4,6.7,8.0 ,8.7,12.3,6.1,7.8,6.8,7.7,6.9,4.8,9.7,9.3,7.6,5.3,8.0 ,10.4,9.2,5.3,6.9,5.9,5.9,7.7,6.9,5.9,6.8,5.1,5.9,5.0 ,4.8,6.5,5.9,15.3,9.5,7.8,7.4,7.2,6.1,8.3,9.5,13.9,11.8,5.5,5.0 ,6.8,5.4,6.0 ,8.3
agosto 2020,15.0 ,6.8,7.4,6.8,8.2,8.5,12.5,6.1,7.9,6.8,7.8,7.4,5.0 ,9.8,9.4,7.5,5.2,8.1,10.3,9.2,5.3,6.9,5.8,5.8,7.7,6.9,5.9,6.8,5.2,5.9,5.0 ,4.7,6.4,5.9,15.1,9.6,7.8,7.3,7.2,6.3,8.4,9.5,13.8,11.8,5.5,5.1,6.8,5.5,5.8,8.4
julio 2020,15.1,6.7,7.4,6.6,8.2,8.5,12.7,6.2,8.0 ,6.9,7.7,7.6,5.0 ,9.8,9.5,7.4,5.3,8.1,10.4,9.2,5.3,6.9,5.8,5.8,7.7,6.9,5.7,6.9,5.1,5.8,5.0 ,4.7,6.4,5.9,15.1,9.3,7.7,7.4,7.2,6.3,8.4,9.3,13.5,11.8,5.5,5.1,6.8,5.3,5.8,8.7
junio 2020,15.3,6.6,7.4,6.6,7.9,8.6,13.1,6.1,7.8,6.9,7.5,7.2,4.9,9.9,9.7,7.5,5.0 ,8.0 ,10.7,9.4,5.3,6.8,5.7,5.6,7.7,7.0 ,5.7,7.0 ,5.2,5.9,5.0 ,4.8,6.4,5.9,15.4,8.9,8.0 ,7.5,7.3,6.2,8.5,9.5,13.4,11.7,5.4,4.9,6.8,5.1,5.6,8.4
mayo 2020,15.4,6.4,7.3,6.6,7.6,8.5,13.7,6.1,7.8,6.8,7.4,7.0 ,4.9,9.8,9.5,7.4,4.9,7.9,10.8,9.5,5.1,6.7,5.7,5.6,7.7,6.9,5.6,7.0 ,5.2,5.9,5.0 ,4.8,6.4,5.7,15.9,8.9,7.4,7.4,7.3,6.2,8.4,9.1,13.6,11.7,5.4,4.8,6.6,5.0 ,5.5,8.1
abril 2020,15.1,6.2,7.2,6.4,7.6,8.6,13.6,6.1,7.7,6.7,7.4,6.7,4.8,9.7,9.2,7.3,5.0 ,7.9,10.4,9.5,4.9,6.8,5.7,5.8,7.6,6.8,5.5,6.9,4.9,5.9,5.0 ,4.8,6.3,5.7,15.7,8.7,7.1,7.4,7.2,6.1,8.3,9.2,13.5,11.7,5.4,4.8,6.7,5.1,5.3,8.0 
marzo 2020,15.0 ,6.1,7.2,6.3,7.6,8.4,13.2,6.1,7.6,6.8,7.3,6.7,4.7,9.6,9.1,7.3,4.9,7.9,10.4,9.3,4.9,6.7,5.7,5.7,7.4,6.8,5.8,6.8,4.8,5.9,5.0 ,5.0 ,6.3,5.6,15.3,8.7,7.3,7.4,7.2,6.0 ,8.2,9.3,13.5,11.6,5.4,4.8,6.7,4.9,5.2,7.8
febrero 2020,15.0 ,6.0 ,7.2,6.4,7.5,8.4,12.9,6.0 ,7.6,6.7,7.1,6.5,4.5,9.6,9.1,7.4,4.7,7.9,10.6,9.2,4.9,6.6,5.7,5.7,7.2,6.8,5.9,6.7,4.8,5.8,5.0 ,4.8,6.2,5.6,15.2,9.0 ,7.7,7.4,7.2,5.7,8.1,9.4,13.7,11.8,5.2,4.7,6.6,4.8,5.2,7.7
enero 2020,14.8,6.1,7.2,6.5,7.5,8.4,12.6,6.0 ,7.5,6.6,7.0 ,6.4,4.5,9.7,9.0 ,7.5,4.7,8.0 ,10.6,9.1,5.0 ,6.6,5.6,5.7,7.1,6.9,5.8,6.8,4.9,5.8,4.9,4.6,6.1,5.6,15.1,9.1,8.6,7.3,7.2,5.6,8.1,9.3,13.5,11.6,5.2,4.8,6.5,4.9,5.2,7.5
diciembre 2019,14.7,6.1,7.2,6.5,7.6,8.5,12.6,6.0 ,7.4,6.5,7.1,6.4,4.5,9.7,9.2,7.9,4.6,8.0 ,10.5,9.2,4.9,6.7,5.7,5.7,7.0 ,6.8,5.8,6.8,4.9,5.8,4.9,4.7,6.1,5.6,14.9,9.0 ,10.3,7.3,7.2,5.8,8.0 ,9.1,13.5,11.5,5.2,4.8,6.5,5.1,5.2,7.4
noviembre 2019,14.8,6.2,7.2,6.4,7.5,8.5,12.6,5.9,7.4,6.6,7.2,6.4,4.5,9.7,9.2,7.8,4.8,8.0 ,10.5,9.3,4.9,6.7,5.6,5.7,7.1,6.8,5.6,6.8,4.9,5.7,4.9,4.7,6.0 ,5.6,14.9,8.9,9.7,7.4,7.1,5.8,8.1,9.5,13.5,11.4,5.2,4.8,6.5,5.0 ,5.2,7.4
octubre 2019,15.0 ,6.3,7.2,6.4,7.5,8.4,12.5,5.9,7.3,6.6,7.3,6.4,4.6,9.6,9.1,7.4,4.8,7.9,10.7,9.3,4.9,6.6,5.5,5.8,7.1,6.6,5.7,6.8,4.8,5.7,4.9,4.7,6.0 ,5.6,15.2,8.8,9.1,7.3,7.1,5.8,8.1,9.3,13.6,11.3,5.2,4.7,6.4,5.0 ,5.3,7.5
septiembre 2019,15.1,6.4,7.2,6.4,7.7,8.3,12.6,6.0 ,7.4,6.7,7.4,6.8,4.8,9.4,8.9,7.1,4.9,7.8,10.6,9.2,5.0 ,6.7,5.6,5.7,7.2,6.8,5.5,6.7,4.9,5.6,4.9,4.7,6.1,5.4,15.3,8.7,7.7,7.3,7.1,5.9,8.1,9.2,13.4,11.2,5.2,4.8,6.4,5.1,4.9,7.7
agosto 2019,14.9,6.5,7.2,6.3,7.7,8.3,13.0 ,6.0 ,7.5,6.7,7.4,7.5,4.8,9.4,8.9,7.1,4.9,7.8,10.8,9.1,5.0 ,6.7,5.6,5.8,7.2,6.7,5.5,6.7,4.8,5.6,4.9,4.8,6.1,5.4,15.2,8.8,6.6,7.2,7.0 ,6.0 ,8.1,9.3,13.3,11.2,5.2,4.8,6.3,5.2,5.1,7.9
julio 2019,14.7,6.4,7.2,6.2,7.7,8.2,13.5,6.0 ,7.5,6.7,7.5,7.5,4.8,9.5,8.9,7.0 ,4.8,7.7,10.9,9.2,5.0 ,6.6,5.6,5.8,7.2,6.5,5.4,6.8,4.7,5.6,4.9,4.8,6.0 ,5.4,15.2,8.5,6.5,7.2,6.8,6.0 ,8.1,9.3,13.0 ,11.2,5.3,4.6,6.2,5.0 ,5.4,7.9
junio 2019,14.8,6.3,7.2,6.2,7.6,8.1,13.9,6.0 ,7.4,6.7,7.5,7.1,4.6,9.4,8.8,7.0 ,4.9,7.6,10.7,9.2,4.8,6.6,5.5,5.8,7.3,6.4,5.4,6.9,4.9,5.7,4.9,5.1,5.9,5.4,15.1,8.4,6.5,7.1,6.8,5.9,8.0 ,9.2,12.9,11.1,5.4,4.9,6.2,4.9,5.5,7.7
mayo 2019,14.8,6.1,7.1,6.1,7.3,7.9,13.8,5.9,7.2,6.5,7.5,6.8,4.4,9.3,8.7,6.7,4.9,7.5,10.5,9.1,4.8,6.5,5.4,5.8,7.3,6.3,5.4,6.8,4.9,5.7,4.9,5.1,5.7,5.3,15.0 ,8.3,6.4,6.8,6.7,5.6,7.7,9.0 ,12.9,11.1,5.3,5.0 ,6.1,4.8,5.3,7.5
abril 2019,14.7,5.9,7.1,5.9,7.2,7.5,13.1,5.7,7.0 ,6.5,7.3,6.6,4.4,9.2,8.7,6.8,4.6,7.5,10.3,8.8,4.6,6.4,5.2,5.7,7.2,6.1,5.2,6.7,4.8,5.8,4.8,4.8,5.7,5.2,14.8,8.0 ,6.2,6.8,6.7,5.5,7.6,8.8,12.8,10.9,5.1,5.0 ,5.9,4.8,5.3,7.4
marzo 2019,14.5,5.8,7,5.9,7.4,7.6,12.8,5.6,7.0 ,6.5,7.1,6.3,4.4,9.2,8.6,6.8,4.5,7.4,10.2,8.7,4.5,6.5,5.3,5.5,6.9,6.0 ,5.2,6.5,4.8,5.6,4.8,4.7,5.8,5.1,14.7,7.9,6.2,6.8,6.7,5.4,7.5,8.8,12.9,10.9,5.1,4.7,5.9,4.8,5.2,7.1
febrero 2019,14.5,5.7,6.9,5.9,7.3,7.6,12.5,5.6,7.0 ,6.5,7.0 ,5.9,4.3,9.2,8.6,6.7,4.6,7.3,10.2,8.7,4.5,6.5,5.1,5.5,6.8,6.1,5.4,6.5,4.8,5.6,4.8,4.7,5.8,5.0 ,14.6,7.9,6.6,6.7,6.7,5.3,7.3,8.7,12.8,10.9,5.1,4.6,5.8,4.8,5.0 ,7.0 
enero 2019,14.2,5.6,6.9,5.9,7.3,7.7,12.4,5.6,7.0 ,6.4,7.0 ,5.9,4.2,9.3,8.5,7.1,4.8,7.3,10.3,8.7,4.4,6.6,5.1,5.5,6.9,6.1,5.4,6.4,4.8,5.6,4.7,4.8,5.6,5.0 ,14.7,7.9,6.6,6.7,6.7,5.2,7.3,8.8,12.9,10.8,5.0 ,4.6,5.8,4.7,5.2,6.9
diciembre 2018,14.2,5.7,6.9,6.0 ,7.3,7.7,12.4,5.6,7.0 ,6.3,7.0 ,5.9,4.3,9.3,8.5,7.1,4.7,7.4,10.3,8.6,4.4,6.6,5.1,5.5,6.8,6.0 ,5.3,6.3,4.7,5.5,4.8,4.7,5.7,5.0 ,14.6,8.0 ,6.3,6.7,6.8,5.3,7.4,8.9,12.9,10.9,4.9,4.6,5.8,4.7,5.3,7.0 
noviembre 2018,14.3,5.8,6.9,5.9,7.2,7.7,12.4,5.6,7.1,6.3,6.9,6.0 ,4.3,9.4,8.5,7.0 ,4.5,7.3,10.1,8.5,4.5,6.4,5.1,5.4,6.8,5.8,5.4,6.3,4.7,5.4,4.7,4.7,5.7,5.0 ,14.7,8.4,6.3,6.6,6.8,5.3,7.4,8.8,13.1,10.9,4.8,4.4,5.8,4.6,5.2,7.1
octubre 2018,14.5,6.0 ,6.9,6.1,7.2,7.7,12.2,5.6,7.0 ,6.3,6.9,6.2,4.4,9.4,8.4,6.9,4.4,7.3,10.0 ,8.5,4.6,6.4,5.1,5.4,6.8,5.9,5.6,6.3,4.5,5.4,4.7,4.7,5.6,5.1,14.7,8.7,5.8,6.6,6.8,5.4,7.4,8.8,13.1,10.8,4.8,4.5,5.7,4.7,5.2,7.1
septiembre 2018,14.4,6.2,6.9,6.3,7.2,7.5,12.4,5.6,7.0 ,6.4,6.9,6.4,4.4,9.3,8.4,6.9,4.4,7.3,10.0 ,8.4,4.6,6.4,5.2,5.4,6.8,6.1,5.7,6.3,4.4,5.4,4.8,4.7,5.6,5.1,14.6,9.1,5.8,6.6,6.7,5.5,7.4,8.7,13.0 ,10.8,5.0 ,4.5,5.7,4.8,4.8,7.1
agosto 2018,14.4,6.2,6.8,6.2,7.4,7.5,12.9,5.6,7.1,6.5,6.8,6.7,4.5,9.4,8.4,6.8,4.5,7.4,10.0 ,8.4,4.6,6.3,5.2,5.3,6.8,6.0 ,5.7,6.3,4.3,5.4,4.8,4.7,5.6,5.1,14.5,9.0 ,5.8,6.6,6.7,5.6,7.3,8.7,13.0 ,10.8,5.0 ,4.5,5.7,4.9,4.8,7.2
julio 2018,14.2,6.0 ,6.8,5.8,7.3,7.5,13.7,5.7,7.2,6.5,6.7,7.3,4.5,9.4,8.3,6.8,4.4,7.5,10.2,8.4,4.5,6.2,5.3,5.2,6.9,6.0 ,5.5,6.2,4.3,5.5,4.8,4.6,5.6,5.0 ,14.5,8.7,5.8,6.6,6.7,5.5,7.3,8.8,12.9,10.9,5.1,4.7,5.8,4.9,5.1,7.2
junio 2018,14.1,5.8,6.7,5.7,7.3,7.4,14.0 ,5.6,7.1,6.4,6.6,7.1,4.3,9.3,8.1,6.7,4.4,7.4,10.2,8.3,4.4,6.1,5.2,5.3,7.0 ,6.0 ,5.3,6.2,4.4,5.5,4.8,4.7,5.5,4.9,14.5,8.6,5.9,6.5,6.6,5.4,7.2,8.7,13.0 ,10.9,5.1,4.8,5.7,4.9,5.0 ,7.1
mayo 2018,13.9,5.7,6.7,5.8,7.3,7.3,13.8,5.5,7.0 ,6.3,6.4,6.7,4.3,9.1,8.0 ,6.9,4.4,7.3,10.1,8.2,4.3,6.0 ,5.0 ,5.5,7.0 ,5.9,5.3,6.2,4.4,5.4,4.7,4.5,5.5,4.7,14.9,8.4,5.9,6.5,6.5,5.2,7.1,8.5,12.9,10.8,5.0 ,4.6,5.6,4.8,5.1,6.9
abril 2018,13.8,5.6,6.7,5.6,7.2,7.2,13.2,5.5,6.9,6.3,6.3,6.4,4.1,9.0 ,8.0 ,6.8,4.4,7.2,9.9,8.0 ,4.2,6.0 ,5.0 ,5.4,6.8,6.0 ,5.2,6.2,4.4,5.4,4.7,4.4,5.5,4.7,14.9,8.1,5.8,6.5,6.4,5.0 ,7.2,8.6,12.9,10.7,5.0 ,4.6,5.7,4.5,5.3,6.8
marzo 2018,13.5,5.6,6.7,5.6,7.1,7.2,12.5,5.4,6.8,6.4,6.5,6.0 ,4.2,8.9,8.0 ,6.9,4.5,7.0 ,9.5,7.9,4.2,6.0 ,5.0 ,5.4,6.6,5.9,5.2,6.2,4.3,5.3,4.7,4.4,5.3,4.7,14.9,8.0 ,5.9,6.4,6.3,5.0 ,7.0 ,8.3,12.7,10.6,5.0 ,4.6,5.6,4.5,5.0 ,6.8
febrero 2018,13.4,5.5,6.7,5.6,6.9,7.0 ,12.0 ,5.3,6.7,6.5,6.8,6.0 ,4.2,8.9,7.9,7.1,4.3,6.9,9.5,7.8,4.2,6.0 ,5.1,5.5,6.6,5.8,5.1,6.2,4.2,5.3,4.7,4.4,5.3,4.8,14.9,7.9,6.2,6.5,6.4,5.3,6.9,8.2,12.6,10.5,4.9,4.6,5.6,4.6,4.9,6.9
enero 2018,13.2,5.5,6.6,5.4,6.7,7.0 ,11.8,5.2,6.6,6.4,6.8,5.9,4.1,8.8,7.9,7.1,4.2,6.9,9.5,7.7,4.1,6.0 ,5.0 ,5.5,6.4,5.7,5.3,6.1,4.3,5.3,4.7,4.4,5.2,4.7,14.8,7.7,6.2,6.4,6.3,6.2,6.8,8.4,12.6,10.6,4.9,4.6,5.5,4.6,4.8,6.9
diciembre 2017,13.0 ,5.3,6.6,5.5,6.8,6.9,11.9,5.2,6.6,6.3,6.5,5.9,4.2,8.7,7.9,7.2,4.2,6.8,9.5,7.6,4.0 ,6.0 ,5.0 ,5.5,6.3,5.7,5.2,6.1,4.3,5.3,4.6,4.4,5.1,4.5,14.8,7.5,6.1,6.4,6.2,6.3,6.7,8.4,12.5,10.7,4.8,4.7,5.5,4.5,4.9,6.8
noviembre 2017,13.0 ,5.4,6.6,5.4,6.7,7.0 ,11.8,5.2,6.6,6.1,6.3,6.0 ,4.2,8.5,7.8,6.8,4.2,6.8,9.4,7.6,4.1,5.9,5.0 ,5.5,6.3,5.6,5.2,6.1,4.4,5.3,4.6,4.5,5.1,4.6,14.5,7.6,6.4,6.4,6.2,6.5,6.7,8.5,12.3,10.7,4.8,4.7,5.4,4.5,4.8,6.6
octubre 2017,13.0 ,5.5,6.6,5.4,6.9,7.0 ,11.8,5.2,6.6,6.1,6.4,5.9,4.2,8.5,7.8,6.7,4.2,6.8,9.3,7.5,4.1,5.9,5.1,5.6,6.4,5.6,5.3,6.1,4.4,5.3,4.6,4.6,5.2,4.8,14.6,7.8,6.2,6.3,6.2,6.0 ,6.6,8.5,12.1,10.5,4.8,4.7,5.4,4.4,4.9,6.5
septiembre 2017,13.0 ,5.6,6.6,5.4,7.0 ,7.0 ,12.2,5.3,6.6,6.0 ,6.4,6.3,4.3,8.4,7.8,6.6,4.3,6.9,9.1,7.4,4.2,5.9,5.1,5.5,6.4,5.7,5.3,6.0 ,4.4,5.2,4.6,4.6,5.3,4.8,14.5,7.8,5.8,6.2,6.3,4.9,6.6,8.4,11.8,10.4,4.8,4.7,5.4,4.4,4.7,6.5
agosto 2017,12.9,5.6,6.5,5.5,7.0 ,7.0 ,12.8,5.3,6.8,6.0 ,6.5,6.6,4.4,8.3,7.8,6.6,4.3,6.9,9.1,7.3,4.2,5.9,5.1,5.4,6.5,5.7,5.4,6.0 ,4.5,5.1,4.7,4.7,5.3,4.8,14.2,7.9,5.7,6.2,6.3,5.0 ,6.5,8.4,11.8,10.5,4.9,4.7,5.4,4.4,4.8,6.5
julio 2017,12.7,5.5,6.5,5.4,6.9,6.9,13.3,5.3,6.8,6.0 ,6.4,6.6,4.4,8.2,7.6,6.7,4.2,6.8,8.8,7.2,4.2,5.8,5.1,5.4,6.6,5.6,5.3,6.0 ,4.5,5.1,4.6,4.6,5.2,4.6,14.1,7.7,5.8,6.2,6.2,5.0 ,6.5,8.3,11.6,10.4,4.9,4.7,5.4,4.4,4.9,6.6
junio 2017,12.4,5.4,6.4,5.4,6.8,6.8,13.4,5.2,6.7,5.9,6.3,6.5,4.3,8.2,7.5,6.6,4.2,6.7,8.8,7.1,4.0 ,5.6,5.1,5.3,6.5,5.5,5.2,6.0 ,4.5,5.1,4.5,4.5,5.1,4.6,14.1,7.8,5.7,6.3,6.1,5.0 ,6.5,8.2,11.5,10.4,4.8,4.9,5.3,4.4,4.8,6.6
mayo 2017,12.3,5.2,6.3,5.3,6.7,6.7,13.0 ,5.2,6.4,5.9,6.2,6.2,4.1,8.0 ,7.5,6.5,4.3,6.5,8.7,6.9,4.0 ,5.7,5.0 ,5.2,6.5,5.5,5.1,5.9,4.5,5.0 ,4.5,4.4,5.1,4.5,14.1,7.6,5.7,6.2,6.0 ,4.9,6.4,7.9,11.6,10.5,4.7,4.8,5.3,4.3,4.6,6.7
abril 2017,12.2,5.1,6.3,5.3,6.7,6.8,12.1,5.1,6.4,5.9,6.1,6.1,4.1,7.9,7.4,6.4,4.3,6.5,8.5,6.8,4.0 ,5.6,5.0 ,5.2,6.5,5.5,5.1,5.8,4.5,4.9,4.5,4.4,5.0 ,4.4,14.2,7.4,5.7,6.2,5.9,4.8,6.3,7.8,11.4,10.4,4.7,4.8,5.3,4.2,4.8,6.6
marzo 2017,12.2,5.1,6.4,5.2,6.6,6.8,11.2,5.0 ,6.4,5.9,6.0 ,5.9,4.0 ,7.7,7.3,6.5,4.2,6.5,8.3,6.7,3.9,5.7,4.9,5.1,6.3,5.4,5.0 ,5.7,4.4,4.8,4.6,4.4,4.9,4.4,14.2,7.3,5.6,6.2,5.9,4.8,6.2,7.9,11.4,10.4,4.6,4.8,5.2,4.3,4.7,6.5
febrero 2017,12.1,5.0 ,6.3,5.2,6.6,6.7,10.7,5.0 ,6.4,5.9,5.9,5.7,4.0 ,7.6,7.3,6.5,4.2,6.5,8.1,6.7,3.9,5.7,4.9,5.1,6.2,5.4,5.0 ,5.7,4.4,4.9,4.7,4.3,4.8,4.4,14.0 ,7.2,5.6,6.0 ,5.9,4.8,6.1,7.9,11.4,10.4,4.6,4.8,5.2,4.2,4.6,6.4
enero 2017,11.9,5.0 ,6.3,5.2,6.6,6.5,10.4,5.0 ,6.4,5.8,5.8,5.7,4.0 ,7.6,7.1,6.6,4.2,6.5,7.9,6.5,3.9,5.6,5.0 ,4.9,6.2,5.3,5.1,5.7,4.4,4.9,4.6,4.3,4.8,4.3,13.7,7.1,5.6,5.9,5.9,4.8,6.1,7.8,11.3,10.3,4.5,4.9,5.2,4.2,4.6,6.4
diciembre 2016,11.7,4.9,6.3,5.2,6.6,6.5,10.2,5.0 ,6.4,5.8,5.8,5.8,4.0 ,7.5,7.2,6.6,4.3,6.4,7.8,6.6,3.9,5.6,4.9,5.0 ,6.1,5.2,5.1,5.7,4.3,4.8,4.6,4.3,4.8,4.3,13.3,7.0 ,5.6,5.9,5.8,4.8,6.1,7.8,11.3,10.2,4.5,4.6,5.2,4.3,4.5,6.5
noviembre 2016,11.7,5.0 ,6.3,5.1,6.5,6.5,9.9,4.9,6.3,5.7,5.9,5.8,4.1,7.4,7.2,6.6,4.2,6.5,7.9,6.6,3.9,5.6,4.9,5.0 ,6.1,5.3,5.1,5.7,4.3,4.7,4.6,4.3,4.8,4.5,13.1,7.0 ,5.5,5.9,5.8,4.9,6.0 ,7.9,11.3,10.2,4.5,4.2,5.2,4.3,4.5,6.5
octubre 2016,11.6,5.1,6.3,5.1,6.5,6.6,10.0 ,4.9,6.3,5.7,6.0 ,5.9,4.2,7.3,7.2,6.5,4.2,6.5,7.9,6.6,4.0 ,5.6,5.0 ,5.0 ,6.2,5.2,5.2,5.6,4.3,4.7,4.6,4.3,5.0 ,4.5,12.8,6.9,5.6,5.8,5.7,4.8,6.0 ,7.7,11.2,10.1,4.5,4.1,5.2,4.3,4.4,6.4
septiembre 2016,11.6,5.2,6.2,5.2,6.5,6.6,10.2,4.9,6.3,5.7,6.1,6.1,4.2,7.2,7.2,6.3,4.3,6.4,7.8,6.5,4.1,5.6,5.0 ,5.0 ,6.2,5.3,5.2,5.6,4.4,4.7,4.6,4.4,5.1,4.5,12.4,7.1,5.7,5.8,5.7,4.8,5.9,7.6,11.0 ,10.1,4.5,4.1,5.3,4.5,4.4,6.3
agosto 2016,11.5,5.3,6.2,5.2,6.5,6.6,10.6,5.0 ,6.3,5.8,6.1,6.2,4.2,7.3,7.2,6.4,4.3,6.3,7.7,6.4,4.1,5.5,5.0 ,4.9,6.3,5.2,5.2,5.5,4.4,4.8,4.6,4.5,5.1,4.5,12.1,7.0 ,5.5,5.8,5.8,4.9,5.9,7.7,10.9,10.1,4.5,4.2,5.3,4.4,4.4,6.2
julio 2016,11.5,5.2,6.2,5.2,6.5,6.7,10.9,5.0 ,6.4,5.7,6.1,6.3,4.2,7.3,7.2,6.3,4.2,6.3,7.7,6.4,4.0 ,5.4,4.9,4.9,6.3,5.2,5.1,5.5,4.3,4.9,4.6,4.4,5.1,4.4,11.9,7.1,5.5,5.8,5.7,4.8,5.8,7.7,10.6,10.1,4.5,4.1,5.2,4.5,4.4,6.3
junio 2016,11.2,5.2,6.2,5.1,6.4,6.7,10.9,4.9,6.4,5.7,6.0 ,6.2,4.1,7.3,7.1,6.3,4.2,6.3,7.6,6.4,3.9,5.4,4.8,4.9,6.3,5.1,4.9,5.5,4.4,4.7,4.6,4.2,5.1,4.3,11.9,7.1,5.5,5.8,5.7,4.8,5.8,7.7,10.4,10.0 ,4.5,4.0 ,5.2,4.4,4.3,6.3
mayo 2016,11.2,5.1,6.2,5.1,6.4,6.6,10.4,4.9,6.3,5.6,5.9,6.0 ,4.1,7.2,7.0 ,6.2,4.3,6.3,7.5,6.3,3.9,5.4,4.7,4.9,6.3,5.0 ,5.0 ,5.4,4.3,4.6,4.5,4.1,5.0 ,4.3,11.9,7.1,5.4,5.8,5.6,4.7,5.8,7.7,10.6,10.0 ,4.5,4.0 ,5.2,4.2,4.3,6.3
abril 2016,11.0 ,5.0 ,6.1,4.9,6.4,6.5,9.8,4.9,6.1,5.8,5.8,5.7,4.2,7.2,6.9,6.2,4.4,6.2,7.4,6.2,3.9,5.4,4.6,4.9,6.1,5.0 ,5.0 ,5.4,4.3,4.6,4.5,4.1,5.0 ,4.2,11.7,7.1,5.3,5.8,5.5,4.6,5.8,7.8,10.6,10.0 ,4.5,4.0 ,5.1,4.1,4.3,6.3
marzo 2016,10.9,5.0 ,6.1,4.9,6.3,6.5,9.1,4.8,6.1,5.8,5.6,5.4,4.1,7.1,6.8,6.1,4.4,6.2,7.3,6.1,4.0 ,5.4,4.6,4.9,6.0 ,5.0 ,5.0 ,5.4,4.3,4.6,4.5,4.1,5.0 ,4.2,11.6,7.0 ,5.3,5.8,5.5,4.6,5.7,7.6,10.7,10.0 ,4.4,4.0 ,5.1,4.2,4.5,6.1
febrero 2016,10.9,4.9,6.1,4.9,6.3,6.4,8.8,4.8,6.0 ,5.9,5.6,5.3,4.2,7.1,6.8,6.3,4.4,6.2,7.3,6.1,3.9,5.4,4.6,5.1,6.0 ,5.1,5.1,5.4,4.3,4.6,4.5,4.1,5.0 ,4.2,11.5,7.0 ,5.3,5.8,5.4,4.6,5.6,7.5,10.8,10.0 ,4.4,4.1,5.1,4.2,4.5,6.0 
enero 2016,10.8,4.9,6.1,5.1,6.2,6.3,8.4,4.9,6.0 ,5.8,5.5,5.3,4.1,7.0 ,6.8,6.1,4.4,6.2,7.4,6.1,3.9,5.4,4.5,5.0 ,6.0 ,5.0 ,5.0 ,5.5,4.3,4.5,4.5,4.1,5.0 ,4.2,11.2,6.8,5.3,5.8,5.4,4.6,5.6,7.5,10.5,9.9,4.4,4.1,5.1,4.2,4.6,6.1
diciembre 2015,10.7,4.9,6,5.0 ,6.1,6.3,8.2,4.8,6.0 ,5.8,5.5,5.5,4.1,6.9,6.8,6.1,4.4,6.2,7.4,6.1,3.9,5.4,4.5,4.9,6.1,5.0 ,5.0 ,5.4,4.3,4.6,4.5,4.2,4.9,4.2,11.1,6.8,5.3,5.7,5.3,4.5,5.5,7.6,10.7,9.8,4.3,4.0 ,5.1,4.2,4.7,6.2
noviembre 2015,10.7,4.9,6,4.9,6.1,6.3,8.2,4.8,6.1,5.7,5.6,5.5,4.2,6.9,6.8,6.0 ,4.3,6.1,7.3,6.1,4.0 ,5.4,4.6,4.9,6.2,4.9,5.1,5.4,4.3,4.7,4.5,4.3,4.9,4.2,11.0 ,6.9,5.4,5.7,5.3,4.5,5.5,7.6,10.9,10.0 ,4.4,4.1,5.1,4.2,4.5,6.3
octubre 2015,10.7,4.9,6,5.0 ,6.1,6.4,8.2,4.7,6.1,5.7,5.6,5.6,4.3,6.9,6.8,5.9,4.1,6.2,7.2,6.1,4.0 ,5.5,4.6,4.9,6.2,5.0 ,5.1,5.4,4.3,4.7,4.5,4.3,4.9,4.3,10.9,6.9,5.4,5.6,5.3,4.5,5.4,7.6,10.8,10.0 ,4.4,4.1,5.1,4.2,4.3,6.3
septiembre 2015,10.8,4.9,6,5.0 ,6.1,6.4,8.6,4.7,6.1,5.7,5.6,5.7,4.3,6.9,6.9,5.7,4.0 ,6.2,7.2,6.1,4.0 ,5.5,4.6,4.9,6.2,5.0 ,5.1,5.4,4.3,4.7,4.5,4.3,5.0 ,4.3,10.7,6.9,5.5,5.6,5.3,4.6,5.5,7.5,10.5,9.9,4.4,4.1,5.2,4.3,4.3,6.3
agosto 2015,10.6,5.0 ,6,5.1,6.2,6.4,8.6,4.7,6.2,5.7,5.7,5.9,4.4,6.9,6.8,5.8,4.1,6.2,7.1,6.0 ,4.1,5.5,4.5,5.0 ,6.2,5.0 ,5.1,5.4,4.3,4.7,4.5,4.2,5.0 ,4.2,10.5,6.9,5.5,5.6,5.2,4.5,5.4,7.5,10.5,9.9,4.5,4.1,5.2,4.2,4.3,6.3
julio 2015,10.5,4.9,6,5.0 ,6.1,6.4,8.8,4.7,6.1,5.6,5.6,6.0 ,4.3,6.9,6.8,5.9,4.1,6.1,7.1,6.1,4.0 ,5.5,4.6,5.0 ,6.3,4.9,5.1,5.3,4.3,4.7,4.5,4.1,5.0 ,4.2,10.4,6.8,5.4,5.6,5.2,4.6,5.4,7.6,10.4,9.9,4.4,4.1,5.2,4.2,4.3,6.4
junio 2015,10.4,4.9,6,4.9,6.0 ,6.4,8.7,4.7,6.1,5.6,5.6,5.8,4.3,6.8,6.6,5.8,4.1,6.0 ,7.1,6.0 ,3.9,5.5,4.6,5.0 ,6.3,4.8,5.1,5.2,4.2,4.7,4.4,4.0 ,4.9,4.1,10.3,6.7,5.4,5.6,5.2,4.6,5.4,7.5,10.3,9.9,4.3,4.1,5.1,4.3,4.3,6.4
mayo 2015,10.3,4.8,6,5.0 ,6.0 ,6.3,8.6,4.6,6.1,5.6,5.6,5.7,4.2,6.7,6.5,5.9,4.1,6.0 ,7.0 ,5.9,3.9,5.4,4.7,4.9,6.1,4.8,5.0 ,5.2,4.2,4.7,4.5,4.0 ,4.8,4.1,10.4,6.6,5.4,5.6,5.2,4.5,5.4,7.6,10.4,9.9,4.2,4.0 ,5.1,4.2,4.3,6.5
abril 2015,10.3,4.8,6,5.1,6.0 ,6.3,8.4,4.6,6.0 ,5.6,5.5,5.6,4.2,6.7,6.5,5.9,4.0 ,6.0 ,7.1,5.9,3.9,5.4,4.7,4.9,5.9,4.8,5.1,5.2,4.2,4.6,4.5,4.0 ,4.7,4.1,10.4,6.7,5.4,5.6,5.2,4.5,5.4,7.6,10.5,9.9,4.3,4.0 ,5.1,4.2,4.2,6.4
marzo 2015,10.2,4.8,5.9,5.1,6.0 ,6.2,8.1,4.7,5.9,5.6,5.4,5.5,4.2,6.7,6.4,5.9,4.0 ,6.0 ,6.8,5.9,3.9,5.4,4.6,4.8,5.9,4.9,5.0 ,5.2,4.2,4.6,4.4,4.0 ,4.5,4.1,10.3,6.6,5.3,5.7,5.2,4.5,5.3,7.6,10.5,9.8,4.3,4.0 ,5.1,4.2,4.2,6.4
febrero 2015,10.2,4.8,5.9,5.1,6.0 ,6.3,7.9,4.7,5.9,5.6,5.4,5.6,4.3,6.6,6.4,6.0 ,3.9,5.9,6.8,5.9,3.9,5.3,4.6,4.8,5.8,4.9,5.1,5.2,4.2,4.6,4.5,4.0 ,4.5,4.0 ,10.3,6.6,5.3,5.7,5.3,4.6,5.3,7.7,10.5,9.8,4.3,4.0 ,5.1,4.2,4.3,6.4
enero 2015,10.0 ,4.8,5.9,5.1,6.0 ,6.2,7.9,4.6,5.9,5.6,5.4,5.7,4.3,6.6,6.4,6.0 ,3.9,5.9,6.8,5.9,3.9,5.2,4.6,4.9,5.8,4.9,5.1,5.1,4.2,4.7,4.7,4.0 ,4.5,4.1,10.2,6.6,5.3,5.7,5.3,4.6,5.3,7.7,10.6,9.9,4.3,3.9,5.1,4.2,4.4,6.3
diciembre 2014,10.0 ,4.8,6,5.0 ,6.1,6.2,7.9,4.6,5.9,5.6,5.4,5.8,4.3,6.6,6.4,5.9,4.0 ,5.9,6.8,5.9,3.9,5.3,4.6,4.9,5.9,4.9,5.1,5.1,4.2,4.7,4.7,4.0 ,4.6,4.1,10.0 ,6.5,5.3,5.7,5.3,4.6,5.3,7.6,10.7,10.1,4.4,4.0 ,5.2,4.2,4.4,6.4
noviembre 2014,10.1,4.9,6,5.0 ,6.1,6.3,7.7,4.7,5.9,5.5,5.4,5.8,4.4,6.6,6.5,5.9,4.1,5.9,6.8,6.0 ,3.9,5.4,4.7,4.9,6.0 ,5.0 ,5.1,5.2,4.2,4.8,4.7,4.2,4.6,4.2,9.8,6.5,5.2,5.7,5.2,4.5,5.3,7.5,10.6,10.1,4.4,4.1,5.2,4.2,4.3,6.3
octubre 2014,10.2,4.9,6,5.0 ,6.1,6.3,7.7,4.7,5.9,5.5,5.4,5.7,4.4,6.6,6.5,5.9,4.1,5.9,6.8,5.9,4.0 ,5.4,4.7,5.0 ,6.0 ,5.0 ,5.2,5.2,4.2,4.7,4.7,4.1,4.6,4.2,9.8,6.4,5.3,5.7,5.2,4.6,5.3,7.5,10.4,10.0 ,4.4,4.1,5.2,4.3,4.1,6.2
septiembre 2014,10.2,4.9,6,5.0 ,6.0 ,6.3,7.8,4.7,5.9,5.5,5.4,5.9,4.5,6.6,6.5,5.8,4.1,5.9,6.8,5.9,4.0 ,5.5,4.7,5.0 ,6.0 ,5.0 ,5.2,5.2,4.2,4.7,4.7,4.2,4.7,4.2,9.6,6.5,5.2,5.7,5.2,4.6,5.3,7.6,10.2,10.0 ,4.4,4.2,5.2,4.3,4.1,6.3
agosto 2014,10.0 ,4.9,5.9,5.0 ,6.0 ,6.4,7.8,4.7,5.9,5.6,5.4,6.0 ,4.5,6.6,6.5,5.8,4.0 ,6.0 ,6.9,5.9,4.0 ,5.5,4.8,5.0 ,6.0 ,5.1,5.2,5.2,4.3,4.8,4.7,4.2,4.7,4.2,9.5,6.6,5.2,5.7,5.2,4.6,5.3,7.6,10.2,9.9,4.4,4.2,5.2,4.3,4.2,6.4
julio 2014,10.0 ,4.9,6,4.9,5.9,6.4,7.8,4.7,5.8,5.6,5.3,6.2,4.4,6.5,6.4,5.8,4.0 ,5.9,6.8,5.9,3.9,5.4,4.7,4.8,6.0 ,5.1,5.1,5.2,4.3,4.9,4.6,4.2,4.6,4.1,9.4,6.6,5.3,5.8,5.2,4.6,5.3,7.6,10.3,9.9,4.5,4.1,5.2,4.3,4.4,6.3
junio 2014,10.0 ,4.9,6,5.0 ,5.9,6.3,7.9,4.7,5.8,5.5,5.3,6.1,4.4,6.4,6.3,5.8,4.1,5.9,6.7,5.8,3.9,5.4,4.7,4.9,6.0 ,5.0 ,5.1,5.2,4.2,4.8,4.6,4.1,4.5,4.1,9.3,6.6,5.4,5.7,5.1,4.6,5.2,7.6,10.2,9.9,4.4,4.0 ,5.3,4.3,4.5,6.3
mayo 2014,9.9,4.9,5.9,5.0 ,5.9,6.3,7.7,4.8,5.7,5.5,5.2,5.8,4.4,6.4,6.3,5.9,4.1,5.9,6.7,5.8,3.9,5.4,4.6,4.9,5.9,4.8,5.1,5.1,4.2,4.7,4.6,4.1,4.5,4.1,9.3,6.6,5.4,5.7,5.2,4.5,5.2,7.6,10.1,10.0 ,4.4,4.0 ,5.3,4.2,4.6,6.4
abril 2014,9.9,5.0 ,5.9,5.1,5.9,6.3,7.6,4.7,5.6,5.4,5.2,5.7,4.4,6.4,6.4,5.9,4.2,6.0 ,6.7,5.8,3.9,5.4,4.6,4.9,5.8,4.9,5.1,5.1,4.2,4.7,4.7,4.1,4.4,4.1,9.3,6.4,5.4,5.7,5.2,4.5,5.3,7.5,10.0 ,9.9,4.4,4.0 ,5.2,4.3,4.6,6.4
marzo 2014,9.9,5.0 ,5.9,5.1,5.8,6.3,7.5,4.7,5.7,5.4,5.2,5.6,4.4,6.4,6.4,5.9,4.3,6.0 ,6.6,5.8,3.9,5.4,4.7,4.9,5.8,4.9,5.1,5.2,4.3,4.7,4.6,4.2,4.5,4.1,9.3,6.4,5.4,5.6,5.2,4.6,5.2,7.6,10.0 ,9.8,4.5,4.1,5.2,4.4,4.7,6.4
febrero 2014,9.9,5.0 ,5.9,5.1,5.9,6.3,7.5,4.8,5.7,5.5,5.2,5.7,4.4,6.4,6.3,5.9,4.2,6.0 ,6.6,5.8,3.9,5.4,4.8,4.9,5.7,4.9,5.1,5.2,4.3,4.7,4.6,4.2,4.5,4.1,9.2,6.5,5.5,5.8,5.2,4.7,5.2,7.6,10.0 ,10.0 ,4.6,4.1,5.2,4.4,4.6,6.4
enero 2014,9.8,5.0 ,6,5.1,6.0 ,6.3,7.5,4.8,5.7,5.5,5.3,5.8,4.4,6.4,6.3,6.0 ,4.2,6.0 ,6.7,5.8,4.0 ,5.4,4.9,5.0 ,5.7,5.0 ,5.1,5.2,4.3,4.8,4.6,4.1,4.6,4.2,9.1,6.5,5.5,5.8,5.2,4.7,5.2,7.6,10.0 ,10.1,4.6,4.1,5.2,4.3,4.7,6.4
diciembre 2013,9.8,5.0 ,6,5.1,5.9,6.3,7.5,4.9,5.7,5.6,5.3,5.7,4.4,6.4,6.4,6.0 ,4.2,6.1,6.7,5.9,4.0 ,5.4,4.9,5.0 ,5.7,5.0 ,5.2,5.2,4.4,4.8,4.7,4.2,4.7,4.2,9.2,6.4,5.5,5.9,5.2,4.7,5.2,7.6,10.0 ,10.2,4.6,4.1,5.2,4.3,4.7,6.4
noviembre 2013,9.9,5.0 ,6.1,5.3,6.0 ,6.4,7.5,4.9,5.8,5.6,5.3,5.7,4.5,6.4,6.5,6.0 ,4.3,6.2,6.7,6.0 ,4.1,5.6,4.9,5.0 ,5.8,5.2,5.2,5.3,4.4,4.9,4.7,4.2,4.8,4.3,9.2,6.5,5.5,6.1,5.3,4.7,5.3,7.7,9.9,10.2,4.6,4.2,5.3,4.3,4.6,6.3
octubre 2013,9.9,5.1,6.1,5.3,6.0 ,6.4,7.5,4.9,5.8,5.5,5.3,5.7,4.5,6.4,6.5,6.0 ,4.3,6.3,6.6,6.0 ,4.1,5.7,5.0 ,5.0 ,5.8,5.2,5.3,5.3,4.4,4.9,4.7,4.3,4.8,4.4,9.3,6.5,5.5,6.1,5.3,4.7,5.3,7.7,10.0 ,10.1,4.6,4.2,5.3,4.4,4.6,6.3
septiembre 2013,10.0 ,5.1,6.2,5.3,6.0 ,6.4,7.6,4.9,5.9,5.6,5.4,5.9,4.6,6.4,6.5,5.9,4.3,6.3,6.5,6.0 ,4.1,5.7,5.0 ,5.0 ,5.9,5.2,5.3,5.3,4.4,5.0 ,4.7,4.3,4.8,4.4,9.3,6.5,5.4,6.1,5.3,4.7,5.3,7.7,10.1,10.1,4.6,4.2,5.3,4.5,4.5,6.3
agosto 2013,10.0 ,5.1,6.2,5.3,6.0 ,6.4,7.6,4.9,5.9,5.8,5.4,5.9,4.7,6.4,6.5,5.9,4.3,6.3,6.6,6.0 ,4.1,5.7,5.0 ,5.0 ,5.9,5.2,5.3,5.3,4.4,5.1,4.7,4.3,4.8,4.4,9.3,6.6,5.4,5.9,5.3,4.7,5.3,7.8,10.1,10.1,4.6,4.3,5.3,4.5,4.5,6.3
julio 2013,9.9,5.1,6.2,5.3,6.0 ,6.5,7.7,5.0 ,5.9,5.8,5.4,5.9,4.7,6.5,6.5,5.9,4.3,6.3,6.6,6.0 ,4.1,5.7,5.0 ,5.0 ,5.9,5.2,5.4,5.3,4.4,5.0 ,4.7,4.3,4.8,4.4,9.3,6.6,5.4,5.9,5.3,4.8,5.4,7.7,10.1,10.2,4.6,4.3,5.3,4.5,4.6,6.4
junio 2013,9.9,5.1,6.2,5.3,6.1,6.5,7.7,5.0 ,5.9,5.8,5.4,5.8,4.7,6.4,6.5,5.8,4.2,6.3,6.6,6.0 ,4.1,5.7,5.0 ,5.0 ,5.8,5.1,5.3,5.3,4.5,5.1,4.7,4.3,4.9,4.4,9.3,6.6,5.4,6.0 ,5.3,4.8,5.4,7.7,10.1,10.2,4.6,4.2,5.3,4.5,4.8,6.4
mayo 2013,9.9,5.2,6.2,5.3,6.1,6.5,7.5,4.9,5.9,5.9,5.4,5.7,4.6,6.4,6.5,5.7,4.2,6.2,6.6,6.0 ,4.1,5.7,5.0 ,4.9,5.6,5.1,5.3,5.3,4.6,5.1,4.7,4.2,4.9,4.4,9.3,6.7,5.4,6.0 ,5.3,4.8,5.4,7.7,10.1,10.2,4.6,4.2,5.3,4.5,4.8,6.4
abril 2013,9.9,5.1,6.2,5.4,6.1,6.5,7.5,4.9,5.9,5.9,5.4,5.6,4.6,6.4,6.6,5.9,4.3,6.3,6.6,6.0 ,4.2,5.7,5.0 ,4.9,5.7,5.1,5.3,5.3,4.7,5.0 ,4.8,4.3,5.0 ,4.4,9.4,6.8,5.4,6.0 ,5.3,4.8,5.4,7.7,10.1,10.2,4.6,4.3,5.3,4.5,4.6,6.4
marzo 2013,10.0 ,5.2,6.3,5.5,6.2,6.6,7.4,5.0 ,5.9,5.9,5.4,5.6,4.7,6.4,6.7,6.1,4.4,6.3,6.7,6.0 ,4.2,5.8,5.0 ,4.9,5.7,5.1,5.3,5.3,4.7,5.1,5.1,4.4,5.0 ,4.5,9.5,6.9,5.5,6.1,5.4,4.8,5.4,7.7,10.0 ,10.3,4.6,4.4,5.3,4.5,4.5,6.5
febrero 2013,10.0 ,5.3,6.4,5.6,6.3,6.6,7.5,5.0 ,6.0 ,6.0 ,5.5,5.7,4.7,6.5,6.9,6.1,4.4,6.4,6.8,6.0 ,4.3,5.9,5.0 ,5.0 ,5.8,5.1,5.3,5.4,4.6,5.2,5.3,4.4,5.1,4.5,9.6,7.0 ,5.6,6.2,5.4,4.8,5.4,8.0 ,10.1,10.4,4.6,4.4,5.4,4.5,4.5,6.6
enero 2013,10.0 ,5.3,6.4,5.7,6.4,6.7,7.5,5.0 ,6.1,6.0 ,5.5,5.7,4.7,6.5,7.0 ,6.1,4.4,6.5,6.9,6.1,4.3,6.0 ,5.0 ,5.0 ,5.9,5.1,5.3,5.5,4.6,5.1,5.2,4.6,5.1,4.6,9.6,6.9,5.7,6.2,5.4,4.9,5.4,7.9,10.3,10.5,4.7,4.4,5.3,4.5,4.6,6.5
diciembre 2012,10.1,5.3,6.4,5.7,6.4,6.7,7.8,5.0 ,6.2,6.1,5.5,5.9,4.7,6.5,7.1,6.0 ,4.4,6.5,6.9,6.2,4.3,5.9,5.0 ,5.1,5.9,5.2,5.3,5.4,4.6,5.2,5.1,4.7,5.2,4.6,9.7,6.9,5.7,6.1,5.4,4.9,5.5,8.0 ,10.2,10.7,4.7,4.4,5.4,4.7,4.6,6.5
noviembre 2012,10.3,5.4,6.4,5.8,6.5,6.9,7.9,5.0 ,6.2,6.1,5.6,5.9,4.8,6.6,7.2,6.0 ,4.5,6.5,7.0 ,6.2,4.4,6.0 ,5.1,5.1,6.1,5.3,5.2,5.5,4.7,5.2,4.9,4.8,5.2,4.7,9.8,7.0 ,5.7,6.1,5.5,4.9,5.6,8.2,10.4,10.8,4.8,4.4,5.4,4.8,4.6,6.6
octubre 2012,10.4,5.4,6.5,5.8,6.6,7.0 ,7.9,5.0 ,6.2,6.1,5.6,6.0 ,4.8,6.6,7.3,6.1,4.4,6.6,7.0 ,6.2,4.4,6.0 ,5.2,5.2,6.2,5.3,5.3,5.6,4.6,5.3,4.9,4.8,5.2,4.8,9.9,7.1,5.8,6.1,5.4,4.9,5.6,8.4,10.5,11.0 ,4.8,4.4,5.5,4.7,4.8,6.6
septiembre 2012,10.5,5.5,6.5,5.9,6.7,7.0 ,8.1,5.0 ,6.3,6.1,5.7,6.1,4.8,6.6,7.2,6.0 ,4.5,6.7,7.1,6.3,4.4,6.1,5.1,5.2,6.3,5.3,5.4,5.6,4.6,5.3,5.0 ,4.8,5.2,4.8,10.0 ,7.2,5.9,6.2,5.5,5.0 ,5.6,8.3,10.6,11.1,4.9,4.5,5.6,4.8,4.9,6.7
agosto 2012,10.6,5.6,6.6,5.9,6.8,7.1,8.1,5.1,6.4,6.2,5.7,6.1,4.9,6.7,7.3,6.0 ,4.6,6.7,7.1,6.3,4.6,6.1,5.3,5.4,6.4,5.4,5.7,5.6,4.5,5.3,5.1,4.8,5.2,4.9,10.0 ,7.2,6.2,6.2,5.5,5.1,5.7,8.3,10.7,11.1,4.9,4.5,5.7,5.0 ,4.9,6.8
julio 2012,10.6,5.6,6.7,5.9,6.8,7.3,8.2,5.1,6.5,6.3,5.7,6.3,4.9,6.7,7.4,6.1,4.7,6.8,7.2,6.3,4.6,6.3,5.3,5.3,6.4,5.3,5.5,5.6,4.6,5.4,5.1,4.8,5.3,4.9,10.0 ,7.2,6.2,6.3,5.6,5.1,5.7,8.2,10.7,11.2,4.9,4.6,5.8,4.9,5.1,6.8
junio 2012,10.6,5.6,6.7,5.9,6.8,7.3,8.2,5.1,6.5,6.3,5.7,6.3,5.0 ,6.7,7.4,6.1,4.7,6.8,7.1,6.3,4.5,6.3,5.3,5.2,6.4,5.3,5.4,5.6,4.6,5.5,5.0 ,4.6,5.2,4.8,10.0 ,7.3,6.2,6.3,5.6,5.1,5.8,8.2,10.7,11.3,5.0 ,4.6,5.8,4.9,5.2,7.0 
mayo 2012,10.6,5.6,6.8,6.0 ,6.8,7.4,8.1,5.1,6.6,6.4,5.7,6.2,5.0 ,6.8,7.4,6.2,4.6,7.0 ,7.1,6.3,4.6,6.3,5.3,5.2,6.2,5.3,5.4,5.6,4.5,5.6,5.1,4.6,5.3,4.9,10.0 ,7.4,6.3,6.3,5.6,5.2,5.8,8.5,10.6,11.2,5.0 ,4.6,5.9,4.9,5.2,7.0 
abril 2012,10.6,5.7,6.7,6.1,6.8,7.5,8.1,5.1,6.5,6.3,5.6,6.1,4.8,6.7,7.4,6.2,4.7,7.1,7.1,6.4,4.5,6.3,5.3,5.3,6.1,5.3,5.4,5.6,4.7,5.6,5.1,4.6,5.5,4.9,10.0 ,7.5,6.3,6.3,5.6,5.3,5.7,8.6,10.8,11.3,5.1,4.6,5.9,4.9,5.3,7.0 
marzo 2012,10.7,5.7,6.7,6.0 ,6.9,7.5,8.1,5.2,6.6,6.3,5.7,6.2,4.8,6.7,7.5,6.3,4.7,7.1,7.1,6.5,4.4,6.3,5.2,5.2,6.0 ,5.4,5.5,5.7,5.0 ,5.6,5.1,4.6,5.5,4.9,10.2,7.4,6.2,6.4,5.6,5.2,5.7,8.6,10.9,11.3,5.0 ,4.6,5.9,4.9,5.2,7.0 
febrero 2012,10.7,5.5,6.7,5.9,7.0 ,7.4,8.1,5.2,6.6,6.3,5.8,6.3,4.8,6.7,7.5,6.4,4.9,7.2,7.1,6.6,4.5,6.2,5.3,5.2,6.0 ,5.4,5.4,5.7,4.9,5.6,5.2,4.7,5.5,4.9,10.3,7.4,6.4,6.5,5.6,5.2,5.7,8.6,11.0 ,11.4,4.9,4.7,5.9,4.8,5.1,7.0 
enero 2012,10.7,5.6,6.8,5.8,7.0 ,7.4,8.2,5.2,6.6,6.3,5.7,6.4,4.8,6.8,7.6,6.5,4.9,7.2,7.1,6.6,4.5,6.2,5.3,5.2,6.0 ,5.3,5.4,5.7,4.9,5.5,5.2,4.9,5.5,4.9,10.3,7.4,6.5,6.5,5.6,5.3,5.8,8.6,11.3,11.5,4.8,4.7,5.9,4.8,5.0 ,7.0 
diciembre 2011,10.8,5.6,6.8,5.9,7.0 ,7.3,8.2,5.2,6.6,6.3,5.8,6.4,4.7,6.9,7.7,6.6,5.0 ,7.2,7.1,6.6,4.5,6.1,5.4,5.3,6.0 ,5.3,5.4,5.7,4.9,5.6,5.2,4.8,5.5,4.9,10.3,7.3,6.4,6.5,5.6,5.3,5.8,8.7,11.2,11.6,4.9,4.7,5.8,4.8,4.9,6.9
noviembre 2011,10.9,5.7,6.8,5.8,7.0 ,7.3,8.2,5.3,6.8,6.4,5.9,6.5,4.7,6.9,7.7,6.7,5.0 ,7.2,7.2,6.6,4.4,6.1,5.4,5.3,6.1,5.4,5.4,5.8,5.1,5.5,5.2,4.7,5.6,4.9,10.3,7.2,5.9,6.6,5.5,5.4,5.8,8.5,11.2,11.5,4.8,4.7,5.8,4.9,4.9,6.9
octubre 2011,11.1,5.6,6.8,5.7,7.0 ,7.3,8.3,5.3,6.8,6.4,5.9,6.7,4.7,6.9,7.7,6.5,5.0 ,7.3,7.2,6.7,4.5,6.3,5.4,5.3,6.0 ,5.4,5.6,5.8,5.1,5.6,5.2,4.7,5.7,4.9,10.4,7.2,6.0 ,6.6,5.6,5.4,5.8,8.6,11.1,11.5,4.9,4.7,5.8,5.0 ,4.9,7.0 
septiembre 2011,11.0 ,5.5,6.9,5.8,7.0 ,7.4,8.4,5.3,7.0 ,6.5,5.9,7.1,4.8,6.9,7.7,6.4,5.1,7.3,7.1,6.6,4.6,6.5,5.3,5.5,6.2,5.5,5.6,5.7,5.1,5.7,5.1,4.7,5.6,5.0 ,10.3,7.3,6.1,6.5,5.6,5.4,5.8,8.5,10.9,11.5,5.0 ,4.7,5.8,5.2,4.8,7.0 
agosto 2011,11.0 ,5.6,7.1,5.7,7.0 ,7.3,8.5,5.3,6.9,6.5,5.9,7.2,4.8,7.0 ,7.8,6.4,5.2,7.3,7.2,6.7,4.7,6.4,5.3,5.5,6.2,5.5,5.7,5.7,5.1,5.7,5.2,4.6,5.6,5.0 ,10.3,7.6,6.2,6.6,5.7,5.4,5.8,8.8,10.8,11.4,5.1,4.6,5.9,5.2,4.9,7.1
Salario media,2408.23,1995.72,2341.76,1987.39,2182.91,2471.92,2124.98,1980,1980,1980,1980,1980,1980,1980,1980,2162.35,2162.35,2162.35,1907.78,1907.78,2142.4,2142.4,2142.4,2142.4,2142.4,2142.4,2142.4,2142.4,2142.4,2089,2089,2089,2089,2089,2379.25,2379.25,2379.25,2379.25,2085.52,2085.52,2085.52,2626.86,2626.86,2626.86,1928.51,1928.51,2097.56,2097.56,2097.56,2097.56
Precio compra m2,2945,1056,1361,1235,1454,1462,3169,1063,1548,1232,1349,1235,847,2374,1410,1379,901,1348,1934,1854,862,1185,996,1116,1320,1082,994,1280,968,1102,768,798,1048,793,2739,2071,1246,1379,1680,1100,1269,2158,3181,2619,938,927,1313,993,1166,1547
Tasa Paro ,13.5,15.4,13.5,10.4,11.8,11.7,17.3,21.2,24.9,23.8,24.8,27.2,22.8,19.3,22.4,12.5,9.3,12.9,25.9,24.5,16.1,9.4,12.1,9.6,15.8,8.2,7.7,11.4,11.5,17.4,17.5,12.7,14.0,19.9,13.7,13.3,11.0,17.5,14.7,14.1,14.7,10.0,7.0,11.9,22.9,18.5,11.6,8.3,10.3,13.3
Coste de vida,115.7,87.8,98.1,94.5,98.6,97.9,102.8,94.5,94.5,94.5,94.5,94.5,94.5,94.5,94.5,98.1,98.1,98.1,96.6,96.6,94.8,94.8,94.8,94.8,94.8,94.8,94.8,94.8,94.8,89.8,89.8,89.8,89.8,89.8,107.6,107.6,107.6,107.6,91.3,91.3,91.3,107.1,107.1,107.1,86.4,86.4,93.8,93.8,93.8,93.8
Precio medio Obra Nueva INE 2016,79097,82108,79552,64394,76523,60907,90210,94078,94078,94078,94078,94078,94078,94078,94078,65895,65895,65895,86218,86218,74834,74834,74834,74834,74834,74834,74834,74834,74834,74054,74054,74054,74054,74054,73964,73964,73964,73964,82496,82496,82496,75937,75937,75937,87194,87194,84340,84340,84340,84340
Precio Medio 2 mano INE 2016,64674,6684,63398,56758,61731,49198,70996,69007,69007,69007,69007,69007,69007,69007,69007,51535,51535,51535,69177,69177,59002,59002,59002,59002,59002,59002,59002,59002,59002,61805,61805,61805,61805,61805,59505,59505,59505,59505,65742,65742,65742,55806,55806,55806,68035,68035,66164,66164,66164,66164
,,,,,,,,,,,,,,,,,,,,,,,,,,,,,,,,,,,,,,,,,,,,,,,,,,
,,,,,,,,,,,,,,,,,,,,,,,,,,,,,,,,,,,,,,,,,,,,,,,,,,
,1.1,,,,,,,,,,,,,,,,,,,,,,,,,,,,,,,,,,,,,,,,,,,,,,,,,